Name_file,attributes,samples,dimension,cor_RG,cor_RB,cor_RH,cor_RS,cor_RV,cor_RI,cor_GB,cor_GH,cor_GS,cor_GV,cor_GI,cor_BH,cor_BS,cor_BV,cor_BI,cor_HS,cor_HV,cor_HI,cor_SV,cor_SI,cor_VI,mean_H,std_H,mean_S,std_S,mean_V,std_V,std_hist_H,kurt_hist_H,skew_hist_H,std_hist_S,kurt_hist_S,skew_hist_S,std_hist_V,kurt_hist_V,skew_hist_V,mean_R,std_R,mean_G,std_G,mean_B,std_B,std_hist_R,kurt_hist_R,skew_hist_R,std_hist_G,kurt_hist_G,skew_hist_G,std_hist_B,kurt_hist_B,skew_hist_B,nump_sobel,hu_sobel1,hu_sobel2,hu_sobel3,hu_sobel4,hu_sobel5,hu_sobel6,hu_sobel7,nump_canny,hu_canny1,hu_canny2,hu_canny3,hu_canny4,hu_canny5,hu_canny6,hu_canny7,mean_I,std_I,entropy_I,std_hist_I,kurt_hist_I,skew_hist_I,lbp_0,lbp_1,lbp_2,lbp_3,lbp_4,lbp_5,lbp_6,lbp_7,lbp_8,lbp_9,com_entropy,com_inertia,com_energy,com_correlation,com_homogeniety,FFT_energy,FFT_entropy,FFT_intertia,FFT_homogeneity,SNM,EME
3096.jpg,7,154401,22057.285714285714,0.9915041320919731,0.9336588403798378,0.8569100841918811,-0.9133784607808519,0.9450301648758528,0.993342977898131,0.9684106583724421,0.885480714909511,-0.8919908854096463,0.9768558456959017,0.999663539264869,0.9328428840420919,-0.8094603311477594,0.9982078225877151,0.9673148402524668,-0.7068608620108446,0.9254177704804696,0.887635983380534,-0.8167817533655077,-0.8945604564886831,0.9754603941103075,0.6160673499107361,0.08825850626892694,0.14460459351539612,0.1162425527956666,0.5088839530944824,0.09843054537776705,0.017395575238947355,49.075249345872685,6.36694004995447,0.009194228920702813,16.183802471231793,3.4990295490468806,0.009308860762890947,10.149163001736097,2.8204825823561515,113.80941185614083,27.77574898402641,118.37451829975194,24.58456315449595,129.1502840007513,27.43320914139719,0.006698777618289805,6.160196791557899,2.0049953448940063,0.007926000106466722,8.252825656482546,2.4506251699398045,0.009310944348553148,10.136851421695908,2.817603658010862,0.9067752151864301,0.05554397871675912,0.05554397871675912,-0.00010840405611642402,-1.0911003806109749e-05,0.12518667962820904,-1.6507412523201318e-05,3.60794815592077e-05,0.014714930602781071,0.11111111112404615,0.11111111112404615,0.05555555555559977,0.010475656024285893,0.11111111111111116,-0.010475656017627014,-0.020951312035156995,118.27243346869516,25.692216261265337,6.14271612926079,0.007662374908015103,7.71598365085664,2.3520546067030654,0.06603893555571612,0.17341328596735323,0.05349714812351243,0.2877733938809104,0.3126940883890554,0.5153896428489131,0.27857970266076687,0.27059856520390996,0.5074085053920562,0.3289278305632065,0.37048978756758477,23.44628764278297,0.0051242961101514075,0.9822516913463584,0.645422422541127,0.9756133666848489,-0.049270335119257304,-2.275553948281144,0.003480369289373993,0.1968454428358522,5.509343843532756
12084.jpg,7,154401,22057.285714285714,0.5594405913100318,0.5237841073838057,-0.526613481710247,-0.08930608072586559,0.9759543632255628,0.8307826460737314,0.9659117904947971,0.0522673061521511,-0.630963847563432,0.6249935108606196,0.925510368661898,0.15032293024622623,-0.657991773040028,0.6000046335292979,0.8936413531309081,-0.1812352695577593,-0.41344838550373014,-0.1955156752752475,-0.04719331512012984,-0.4684844638206042,0.8649986612776838,0.16052789986133575,0.2133426781444899,0.44963324069976807,0.17785802397269967,0.491116464138031,0.17007291564845475,0.009006397941132772,13.496860246581786,3.3273415199755436,0.0032681611232667574,2.5778915813113246,0.5891239981549046,0.0034358554940044773,1.6493767366168075,0.2929934573637569,118.61399861399862,51.882840296672,86.34495890570656,32.58015909769894,73.97301183282492,32.22647478509757,0.003073225773532162,1.945850879638444,0.4668681756502315,0.0060728561585125075,6.743117049834236,2.0765257663331194,0.0064553143923498525,6.1357277306001885,2.0643739715888327,0.9955570235944068,0.05555273257947328,0.05555273257947328,-3.5601469457177566e-05,5.628986386698883e-06,0.12500480148509177,6.3075811860067675e-06,-7.423650528525763e-06,0.2517341208929994,0.0,0.0,0.0,0.0,0.0,0.0,0.0,94.58791717670222,33.879819678764164,7.005713958071071,0.004537611402305833,2.5886102256412777,0.959873493587717,0.19273616040255168,0.23654161422041156,0.21863544928770853,0.351991318759163,0.4969450543577074,0.34903307925715193,0.24780643351614923,0.24796316143678557,0.27041443606794274,0.4128017519660669,0.7686043017812221,228.10068146417447,0.0003167780638020034,0.9006709744587333,0.22638005194656777,0.9366224670482278,-0.1167218639831308,-6.687011235202846,0.004684929693567133,0.7222181633723188,14.885630143343409
8023.jpg,7,154401,22057.285714285714,0.9688405847641516,0.8669648541295268,-0.11143777903207186,-0.13760628862469917,0.9960228851082069,0.9817178657204754,0.9433788879920132,-0.0007121304227457626,-0.3098690696252201,0.9751592723271834,0.9975735492163977,0.14812562425107292,-0.5648563514978546,0.8764479006187677,0.9381473614669344,-0.3088774001264071,-0.06237609809908002,-0.0205810755387088,-0.13891818655336907,-0.28626486320992917,0.9850215247022185,0.1750553846359253,0.1374082554832141,0.19058595597743988,0.11220624857259569,0.47674667835235596,0.13508354911381065,0.009275907562129565,11.797600630651216,3.0022378357671045,0.005332073829169335,2.598340309272556,1.0793311560539876,0.00456274448682431,2.5373558804696748,0.9494693677734447,119.96756497691077,35.35376832827154,115.4444466033251,29.832540148112276,99.40828751109125,32.157638311652114,0.0043479915158565205,2.1524633477831463,0.815148222911589,0.005066634833933959,3.031977992143878,1.1505144959475955,0.004561244000855515,2.5883097205614956,0.9225118522673759,0.9866516408572483,0.055500068524497626,0.055500068524497626,-5.4617323586524196e-05,-6.598082570139026e-06,0.12512349704593595,-1.5981172987445554e-05,-2.2582270661071454e-06,0.18667625209681285,0.75,0.75,1.0,0.0,1.4166666666666288,1.1993961379630491e-11,1.8189894035458565e-12,114.96855590313534,31.30228148281221,6.932407451750886,0.004806700146519485,2.688681862211426,1.0219708583905673,0.06631768520877758,0.1102003419334532,0.1256102604881899,0.3777858079296217,0.6937053251909622,0.485218191803348,0.2107047372132433,0.12528652270342652,0.12174159396026756,0.18270141883121127,0.6684078720610109,88.63952492211838,0.0006254105195720364,0.9547731320139606,0.3309802483708707,0.9591325897621591,-0.08052717180973357,-3.9094541904461533,0.00409104004078174,0.9515581082842698,9.260243914615469
14037.jpg,7,154401,22057.285714285714,0.921017049659832,0.8172490341877255,-0.3207178919247391,-0.5145680752544425,0.8287249308999782,0.9485773461950957,0.9728878171722328,-0.12869475459081717,-0.25296483563056926,0.9765124162094606,0.9968011840557857,0.006676114058561296,-0.08553072929443165,0.9991350390580489,0.9556672064117443,0.5567514072552061,-0.019929807086048544,-0.1646769965663124,-0.09706148129908222,-0.3062156401965808,0.9608914681376391,0.5220359563827515,0.08312392330631352,0.46429792046546936,0.2329582448023227,0.35665953159332275,0.23784325947810656,0.012541055723460256,32.85869011453413,5.008677092036635,0.0063783758378837966,161.25495133069973,11.409638212556768,0.007501676159172357,108.46922319074697,8.711168581322378,50.34330736199895,46.74701559471004,78.34803531065214,54.18194966832428,90.38770474284493,60.2261383541536,0.009324431698664112,136.93688998559924,10.421836159530482,0.009511980449634376,161.11601133048663,11.701725856002486,0.007371465131264384,107.82893036253319,8.639295136607926,0.7775921140407122,0.11111111115314998,0.11111111115314998,-0.05555555550381541,0.01047562788523789,0.11111111115314998,0.010475627802919826,-0.020951324835310956,0.11196818673454187,0.0,0.0,0.0,0.0,0.0,0.0,0.0,71.3025692838777,51.564732060074114,6.75380459921352,0.009883212126300972,171.57034409297037,12.171539025989654,0.11697902064910899,0.1876204812908306,0.0939598301858873,0.2294351575451232,0.3169714368754479,0.33932187409891235,0.17808194823955678,0.22837923137708552,0.6911564732890714,0.33536215096877103,0.5829970647347382,50.9527518172378,0.018892212303031453,0.9904196735602665,0.5452298460134387,0.7475328348174645,-0.0866386700143998,-4.427556441164154,0.004396335164202079,0.12473780349854531,10.964585925918872
3063.jpg,7,154401,22057.285714285714,0.9761025674922906,0.7720440053772992,0.15968616726240403,-0.775334753830499,0.814806257241649,0.9810177603130269,0.8845395114376261,0.22904908746447422,-0.6567819874837445,0.9137090907717701,0.9993803547931568,0.38816061959622516,-0.2707090156324015,0.9924557053279189,0.8781755522798768,-0.0409203269133486,0.31178574400323644,0.22840508292409975,-0.31363070048655217,-0.666052057047582,0.9083375558105132,0.5686069130897522,0.19675637471892612,0.270036518573761,0.17093069370405115,0.6866840720176697,0.19375768434471025,0.015381245702385018,91.11460961732772,8.850006401374648,0.004900011203669834,6.484508705775469,1.7092286483202168,0.006452907358917323,6.729461904415072,2.1200251485428225,132.91062881717087,57.35637648388983,147.0982636122823,46.79471491739173,171.7736607923524,52.012777993829836,0.0028301201020485963,5.701658039323828,1.239756278285206,0.0038291108659807152,2.74704586612201,0.8101685636512407,0.006863547375767491,6.410786845897947,2.0831563016901358,0.9123451272983983,0.0,0.0,0.0,0.0,0.0,0.0,0.0,0.0870914048484142,0.11111111112404615,0.11111111112404615,-0.05555555556202307,-0.010475636844170386,0.11111111112404615,-0.010475631575814322,0.020951324835310956,145.6555527490107,49.49409790151271,7.349784936165022,0.003633996183909267,2.974398483857326,0.8046587515173227,0.07531068117404995,0.16244597627564047,0.09917360687119511,0.3206892283240225,0.5965375261216186,0.488976278949412,0.22231698836056737,0.20080473892612608,0.30610435060315544,0.27723733377101195,0.5378398543692235,54.16170171339565,0.001282815113239714,0.9889435103494092,0.5035486764273079,0.9630869834964313,-0.052557806946811135,-2.7653700585258676,0.0038501258468731873,0.4440306038955422,7.103192621256065
8068.jpg,7,154401,22057.285714285714,0.9978526613730186,0.990258225898428,-0.28547000424626,-0.7583621546976022,0.9988389157120012,0.9986515373925937,0.9957267366629666,-0.24860073763213147,-0.7793869237666579,0.9989713647723754,0.999852477711894,-0.1818425109502909,-0.8089005199226614,0.9937878214657362,0.9955357367787975,-0.14093842288951294,-0.24883135055865588,-0.25272411483210455,-0.7716510320517379,-0.7771155614419805,0.9993338664923662,0.28261852264404297,0.11138032437091479,0.2442552149295807,0.1520449131576783,0.3662700653076172,0.30156479349397325,0.010917834479313104,35.8666976161579,4.996297498532206,0.00462345589809448,4.873620331968597,1.2724489641957157,0.007112306715447283,33.91927562056867,4.424973621905349,86.59315030343068,79.1391188532833,92.8612314687081,76.46815648101658,81.45857215950674,77.9287965183145,0.0063793536974361765,8.233908393710779,2.433548073357078,0.006960922794655006,27.654863135580275,3.992550032931835,0.005359043879492141,6.312725837562895,2.1425073830855004,0.9297932008212382,0.0,0.0,0.0,0.0,0.0,0.0,0.0,0.14122317860635616,0.11111111112404615,0.11111111112404615,0.055555555591126904,0.010475642441808753,0.11111111112404615,-0.010475663185950706,-0.0209513037618867,89.69322737547037,77.4065419863136,6.812747011375122,0.006280714814412595,7.357874582569057,2.335838336940186,0.11183264445031908,0.27938255318941385,0.12504629984646629,0.2880652707954905,0.5318638481189527,0.39690256725070017,0.2062619378910784,0.2873069548473615,0.3495267783913431,0.3509296628953817,0.6443703297199983,91.51936656282447,0.002496867566335512,0.9923688251690664,0.4559590240637201,0.7833697869034965,-0.06799737876692108,-4.9816557847002505,0.004442556277037306,0.5925693617234116,11.210665413997841
16077.jpg,7,154401,22057.285714285714,0.9739685957425962,0.8778101918678026,-0.1639541240592945,-0.02516317388488786,0.9813737233094597,0.9836913335126707,0.9560338672284574,0.04085684439791307,-0.1390236104485035,0.9943711100432979,0.9986684538894334,0.27907195230812126,-0.29551038273621244,0.9425491573982423,0.9462893238716832,-0.40009512424984656,0.0138004979976525,-0.00016152830365174893,-0.06737459568607454,-0.11993797173252642,0.9963064286250239,0.21051841974258423,0.10139068996475094,0.3049878180027008,0.09117690824138558,0.45362669229507446,0.24358685319916726,0.008929323227682041,15.272934620325408,3.313647961551189,0.005748401037088902,3.638164200130662,1.3746049569564953,0.003478084156276622,19.79138528572201,2.7753152115803155,109.05547243865001,61.645771251588116,111.87055135653266,60.12370428353838,83.7886283119928,49.5819546916675,0.0035127792589650765,8.692151462599062,1.910035207013299,0.003341694576269222,8.844263280518849,1.6853662862607615,0.004107214377218665,5.319625894394298,1.6123924963658114,0.9881930816510256,0.05552418319368167,0.05552418319368167,8.683661995734732e-06,4.73344772379736e-06,0.12507969925370324,5.103457405055602e-06,-1.0125872589206156e-05,0.22976535126067837,0.0,0.0,0.0,0.0,0.0,0.0,0.0,107.87173658201695,58.817114452633035,7.520788894919182,0.0031847954935908824,4.05514691743801,1.1470440677654086,0.2030740732443882,0.27565523316231283,0.18642125300347906,0.30499404618108433,0.4723077589788976,0.334784527673371,0.22714996665872142,0.2868291184418851,0.29450748249164393,0.44636627839134935,0.8392727431738392,207.7661344755972,0.000360520175221514,0.9699941789265072,0.2756526738753997,0.8505525271082844,-0.10590317473134024,-6.235176794196597,0.004646230025079937,0.897655150120176,14.131498638488575
5096.jpg,7,154401,22057.285714285714,0.9682962059011286,0.9119340649179376,0.162754529248116,-0.6850952198985674,0.9654715349599593,0.9801520833228986,0.9642455067389631,0.34421072191335267,-0.6378322216539095,0.9973534433873408,0.9979293646701215,0.5063563650422984,-0.5860817329734306,0.9717389234960054,0.9654710143735106,-0.020227138582131435,0.3632261261244246,0.32040744616251987,-0.6114762200007746,-0.6509409399714019,0.9964869021697386,0.3551122546195984,0.15093587911196507,0.3636772632598877,0.19810934252401963,0.27546998858451843,0.1645768890956493,0.007244165632890195,26.846354622790937,3.8981788138982276,0.004772779351434271,8.262850398020284,1.91920190713858,0.003717435650784232,1.6192700423626536,0.324677158499243,54.898407393734495,34.76772038756704,68.1816244713441,40.92398232937837,59.75572049403825,43.85927533709417,0.004363523964671976,2.056210940886144,0.5607156661017968,0.0037418880274881685,1.7562710694690162,0.35399873216870725,0.0045240488602218965,5.112684949417445,1.3541404799702006,0.982228094377627,0.0,0.0,0.0,0.0,0.0,0.0,0.0,0.2024144921341183,0.0,0.0,0.0,0.0,0.0,0.0,0.0,63.22351539173969,39.019874640636104,7.084163056139108,0.003972338845948181,1.8962855294731005,0.4752581467109317,0.2635618826610262,0.30885289631297913,0.16364565152787736,0.2276434063242679,0.2697335738992525,0.2460818130670435,0.19780078751085667,0.3138170827437264,0.39220906151498647,0.5760181266534666,0.6865932328060849,165.66727024922122,0.0004230316997602897,0.9455182773395643,0.2881578532384345,0.8676556342346604,-0.13700118651636312,-8.094847382466439,0.005164147239818532,0.14888225533274393,19.783995725507697
15011.jpg,7,154401,22057.285714285714,0.9326929123605509,0.9222911469801738,-0.2694123671418353,-0.37131757320122843,0.9963983394111571,0.96908908794499,0.9658360034607262,-0.39516666152082924,-0.5653938560249077,0.942801813410779,0.9924103003273552,-0.2608979319083439,-0.6410568077887401,0.9327523789132587,0.9717631762322729,0.17463136843587707,-0.2516674172684778,-0.349199304303007,-0.3843387885508102,-0.5204935231068086,0.975038054225292,0.1963321417570114,0.17414935225900133,0.42283129692077637,0.20494203973245745,0.4951305389404297,0.2523945150061546,0.01039213232573163,31.185338286813213,4.9458494649127465,0.004167473014736498,9.072784887832153,2.154830051323591,0.002304363369897327,8.704340726862698,0.9967300824683166,123.29069112246682,66.80237422047142,111.92873750817677,64.50641816979045,78.90704075750804,52.997023865261355,0.002173811791956621,10.533036199784481,1.2184609207040635,0.002460451192062691,9.289366405505026,0.9246356961947564,0.0034501390679243134,3.7850875550357386,0.6393842270479763,0.9587502671614822,0.05547193846135354,0.05547193846135354,-5.1827733212571784e-05,-1.8412965007773228e-06,0.1251620805395194,-1.5385980241459237e-06,-1.7416720878068316e-06,0.20555566349958873,0.11111111112404615,0.11111111112404615,-0.055555555554747116,-0.010475656271239966,0.11111111111114269,-0.010475656021013389,0.020951312034852083,111.55557282660087,62.822647056680914,7.640473970061715,0.0025325673590858694,5.936458950681574,0.5720201742210994,0.17927881849050603,0.24820812958316701,0.1836027974151379,0.3256875709476114,0.4776333642901051,0.37015998767018266,0.24617331597157555,0.2569734805254072,0.31240258592577863,0.42081510728951255,0.8161269648981391,184.52221573208737,0.000508032502434307,0.9766238610408661,0.30126394295748216,0.8879114354229074,-0.0914845324401011,-5.425191228373487,0.004520747099220672,0.9440731393193491,18.100661827201264
15062.jpg,7,154401,22057.285714285714,0.9734484285165418,0.7752941306573207,-0.5755993797255314,-0.5916644248408203,0.9656657840343723,0.9806493160374964,0.8808407018578636,-0.4562225126874988,-0.7097848072454626,0.9655433740723911,0.998802382185178,-0.03623576433208951,-0.7856904773181282,0.8688919547537081,0.8766688307412226,0.15282315988628076,-0.37524011734809615,-0.4599352330713294,-0.5825855439051318,-0.6936359022934816,0.9746632981030392,0.20245954394340515,0.16472498898934776,0.46323806047439575,0.2213697711449547,0.5441731810569763,0.2618538441331017,0.012469146129284221,27.080462974223977,4.753238647503985,0.003168954672962818,3.8055925155853427,1.0207978657077676,0.00232250875479557,33.54651698991511,3.5985024645733583,131.60209454601977,73.32270211614441,121.19907902150892,68.1373439027813,89.70521563979509,62.45476258663453,0.0021749259528832535,40.37709205063737,4.250837216733187,0.0016968618905960132,3.4806261718011156,0.5105160945199664,0.0025442064591659737,2.2689768061756506,0.15780063400816785,0.9724159817617761,0.0,0.0,0.0,0.0,0.0,0.0,0.0,0.23878083691167803,0.0,0.0,0.0,0.0,0.0,0.0,0.0,120.74072706782987,67.73125100427049,7.839546626901855,0.0017657716717747415,4.249975047111177,0.6429720533306855,0.20373155095800424,0.2604203870745239,0.1532726824966106,0.29066088224521347,0.5102575682255884,0.35919052645160005,0.20491176222186352,0.27390575184353905,0.2978195407309173,0.43313753383635717,0.9603608748532018,594.2848260643823,0.00024272152926720672,0.9351923000156016,0.2349988717961464,0.8215764598239516,-0.1200357068247145,-6.664084757703229,0.004501962953148015,0.8120608478422423,17.39065599564362
14085.jpg,7,154401,22057.285714285714,0.956370810424501,0.7500560950398512,-0.4488016365233779,0.07708977447220929,0.9915343359231364,0.9761341063397793,0.856890452393704,-0.38259389675661715,-0.06941440024072262,0.9720413057376975,0.9959603444001263,-0.09642465192548408,-0.4248912599407089,0.7999094657205617,0.8519664512191321,-0.3266244009447973,-0.3910826156851469,-0.3902467915037022,0.05275597796111891,-0.05025651496905314,0.9867370419895158,0.16093848645687103,0.11732154508466337,0.5498810410499573,0.18454787967622147,0.5076804161071777,0.22724409344496466,0.013418235518645988,27.620727304412945,4.875695091826735,0.003682872933205901,14.088395571157323,1.9197075236465806,0.003734848828247472,30.189290733871093,3.6028551802228894,127.80632249791128,58.57587006224557,109.91237103386636,51.1680240619035,58.753673875169206,37.91418850018491,0.003778208255645586,30.11921671387871,3.644975994861711,0.003761590128114909,34.42659594957341,3.6891943135986978,0.004526709787932446,14.9090007440651,2.15074653716584,0.9605054371409512,0.0,0.0,0.0,0.0,0.0,0.0,0.0,0.2739490029209655,0.0,0.0,0.0,0.0,0.0,0.0,0.0,109.42026929877397,50.72829947269284,7.368836795276056,0.003936433648746774,39.58445892322972,4.098491872524375,0.19366789829025038,0.2402753049890891,0.20147503123054405,0.3281545903471689,0.48747502688250904,0.35371412356627113,0.23278202663935998,0.24625815812172624,0.34545582465204083,0.3994584301410573,0.7803901870663424,189.83790887850472,0.0014963516747378877,0.9630632186897843,0.24653992156574922,0.9303089069165764,-0.09339834830217036,-5.724185211540081,0.004619404523231406,0.9726732706593402,17.764419643825253
16004.jpg,7,154401,22057.285714285714,0.9141600342200228,0.5557715846725978,-0.14409344803528962,0.0962703895616573,0.9795027208262553,0.9586662609063485,0.605443517568271,-0.07959558430046466,0.04713288977054019,0.9528832073500398,0.9886722475295276,0.26269356211038764,-0.6496753799728996,0.5861615262924039,0.6509179972527692,-0.4377459389258584,-0.11032339955575439,-0.07705700895483837,0.10433691905586204,0.009107507241311041,0.9789122101890673,0.2157168835401535,0.17050035088086077,0.5397732853889465,0.20939239345809654,0.4612866938114166,0.2616364346272271,0.00822438665332884,13.60871526465023,3.0134571906882712,0.003084079746784285,9.473959149565838,1.8298124920357217,0.005222842549254418,125.2679352455031,9.440967260721962,109.64434815836685,66.41516702687261,107.97860765150484,64.65185293323967,54.256611032311966,42.653714236575524,0.004187977539273016,60.17317258081147,5.632100260183581,0.004122046919515018,40.877105747816174,4.325715711114866,0.004734545850666887,3.852853969317941,1.34076889980205,0.9810299156093548,0.05552078277985482,0.05552078277985482,-6.178435161767328e-05,-6.934726927965414e-06,0.12504089008059785,-3.1437510152789835e-05,6.699225850851984e-06,0.1763719146896717,0.0,0.0,0.0,0.0,0.0,0.0,0.0,102.42776925019916,59.96524817731831,7.539903170737502,0.003133984188875977,2.6869897246067374,0.8861281580415934,0.11794059883943513,0.15811004825030148,0.13037483733920854,0.3575327220111656,0.6669816985366445,0.42580671614994986,0.19082247202622593,0.1842272252972089,0.2047692204425206,0.2789349683258934,0.8805285564669059,286.1716510903428,0.00037099705928815834,0.9601914886074229,0.3077579943831987,0.9083259751350568,-0.10591666547503631,-7.5201099862996275,0.005174781824904148,0.7059386552754694,15.907586284647598
6046.jpg,7,154401,22057.285714285714,0.9940818901662473,0.9797498867465041,-0.00506779274591904,-0.7067785183530484,0.9994559977191548,0.9963823895740257,0.9914595134315493,0.03418256578134752,-0.7441122506519826,0.9952881961564088,0.9995753375940271,0.06546747266679401,-0.7720290191145298,0.9816059018783792,0.9914263417547807,-0.21904278733404134,0.012858079965841566,0.026632171863422194,-0.7106648387571907,-0.7383800714364928,0.9971633648563893,0.14267638325691223,0.14652619736573988,0.25646069645881653,0.23291932721033606,0.47878387570381165,0.26228529865536626,0.010960869693984842,34.06494660175409,4.772558515250742,0.006904380296010549,169.12560006048926,11.749221485162785,0.007898998366310476,206.45935678325978,13.60128398487452,121.42763971735934,66.88735183517839,115.14190322601537,69.0560647847188,102.2056139532775,73.41885917088896,0.007165773539390342,196.158799691611,13.086431966563325,0.007292703967715159,200.21839812390897,13.28700528809391,0.00722409612444887,199.3811571405126,13.236242584038468,0.8863996994838116,0.0,0.0,0.0,0.0,0.0,0.0,0.0,0.2656135646789852,0.0,0.0,0.0,0.0,0.0,0.0,0.0,115.55081897137971,68.77471658852924,7.179604757358736,0.007548465403548923,203.56151173375497,13.452644273176867,0.21299084322123213,0.25045633484505464,0.1738665741056679,0.2399507440640235,0.34344320642234843,0.2684931567667524,0.19539254868240866,0.2562906556780774,0.5615057141585611,0.44148267610667175,0.9110950186714213,433.0581016112267,0.012581716941408664,0.9542622113730406,0.2648080681181666,0.8434959637858307,-0.11945436469188712,6.673123101103275,0.004538772639798791,0.846828024695782,23.507308692007314
2018.jpg,7,154401,22057.285714285714,0.989127601508617,0.969388240310265,0.179216221049508,-0.6640624314628016,0.9874413855938761,0.9931184534067461,0.9905745347468478,0.2663752956563762,-0.6418781069253876,0.9987064151164984,0.9994140807193257,0.3731393416420127,-0.6423012964592331,0.9919131367649856,0.9894513679471659,-0.07971275321884512,0.2849788016518946,0.25664389401035814,-0.6335274023264993,-0.6500398961821126,0.9983256742012002,0.4242244064807892,0.14834343514764653,0.2968941926956177,0.22007417686093214,0.5544617176055908,0.35821340038181754,0.007379425997999657,9.102483238886457,2.479358341133631,0.0059414426621392305,12.313328574241666,2.9288550350005162,0.007887490900634316,199.52907148447775,13.481466326518017,116.67391402905422,79.04692358587253,137.87334926587263,92.67911765540299,133.5521531596298,92.48535706416881,0.0022636274460010597,17.875985992191463,3.0743425015068215,0.007793226080604373,195.97630520576448,13.329546326416803,0.0031155068612787606,7.329462101621265,1.8220723360317974,0.9117946127291922,0.0,0.0,0.0,0.0,0.0,0.0,0.0,0.14356772300697535,0.05555555556202307,0.05555555556202307,0.0,6.402842700481415e-09,0.5,0.033333336313575046,0.0,131.06981172401734,88.37293029505194,7.730713019881612,0.0026998405474291214,13.832149786631962,2.7613828096908026,0.199816347720651,0.2645062107798435,0.1484061564299122,0.2709907288656089,0.3324383328819187,0.32869129099403627,0.21655184050487186,0.29949154488328433,0.4490625848016574,0.4876978871689422,0.9051345281332885,593.1216800935551,0.000865731323964497,0.9620078151301141,0.36769374732548105,0.9357102036332714,-0.1182388890657683,7.098110535172194,0.004506096798426759,0.6598346199317137,22.559146224621095
16068.jpg,7,154401,22057.285714285714,0.9906173682760542,0.9651426135028618,-0.5013945675804904,-0.3403124144538577,0.9956520485589425,0.9952019976508472,0.9810378068017154,-0.39375784623678173,-0.38208554389177196,0.9970222466267727,0.9990252334731331,-0.33639915582437213,-0.5226559191330957,0.9746622934387384,0.9812331532595711,-0.06040622173305354,-0.4271943484422673,-0.425523197010801,-0.35137206049726594,-0.38238516346435963,0.9983714308336732,0.17096363008022308,0.046608807346656456,0.40970149636268616,0.08788932152924048,0.3797065019607544,0.18035336095543694,0.013806176995937848,34.520789520268195,5.391643272117691,0.006677454684910573,6.041952609214502,1.997119278350805,0.004831386646920309,2.9930832775666936,1.2709177063108104,94.38028251112364,47.9698174840853,93.08298521382633,43.3858320835944,58.65982085608254,33.888732941875105,0.004375612599348482,2.5335302752139968,1.109581054436666,0.005072859535326118,3.1709929352735955,1.3435532932819796,0.007113101951110445,7.324050059460579,2.3374012983792105,0.9879599225393618,0.05552241087531592,0.05552241087531592,1.3522276431678114e-05,-5.6764410662492234e-06,0.12508072237926504,5.526869053048965e-06,9.021995376156958e-06,0.23192854968555904,0.08977290047735068,0.08977290047735068,-0.08055174515157201,-0.03290760160879856,0.3842402072968306,0.07561706478695983,0.009772592192434492,89.54404440385748,43.52448425990684,6.989351073318404,0.005047294911658424,3.167338186097172,1.349169518806972,0.16317624784156384,0.22064250156015433,0.1613656930804924,0.327521812299653,0.5825648543201647,0.3925320441893745,0.2240561516825911,0.22622504540679128,0.24333101590983086,0.3705790677113832,0.9132356939579416,574.4632982866043,0.0004900268427400522,0.848324352579635,0.2703481437908904,0.9055904169456148,-0.13568209815187493,-9.762121952958186,0.0054094419583320535,0.42808348623649517,16.31488476785428
14092.jpg,7,154401,22057.285714285714,0.97971988831223,0.9597079804551201,0.03874107059778211,-0.6373007920050179,0.9986542557648731,0.9888921593569349,0.9900063156168804,0.08600487470321952,-0.7401236441027934,0.9806326591552651,0.9984806203638339,0.14182450662701981,-0.7770148140331272,0.9640733292995548,0.9876195892836052,-0.12315057944311167,0.06244979661500771,0.07853306118081665,-0.6382145676881308,-0.7179809154164407,0.9895120925915432,0.10791965574026108,0.09635369502234144,0.31989750266075134,0.13364997105222895,0.562324583530426,0.2195404883155774,0.015591709457669708,45.589265441647875,6.149434366393108,0.004802571743727299,3.1763341010105037,1.2377364221502085,0.002967857335672929,49.703967356167176,4.559860889439057,143.13900169040355,56.25535684024748,125.18942234830085,59.505073311194145,102.55988627016664,52.71399690437762,0.0028542334294056454,42.53728377431175,4.036220391207321,0.0025275111169266945,25.08605665613848,2.71733760649747,0.002637947913967382,1.6961028284524935,0.14640764139894072,0.975777358954929,0.0,0.0,0.0,0.0,0.0,0.0,0.0,0.29283489096573206,0.0,0.0,0.0,0.0,0.0,0.0,0.0,127.99433941490017,57.47525098448539,7.713168017302401,0.0024069080426468298,6.438850738980592,0.9034364257474684,0.21418918369549178,0.26647775328144874,0.1819618712305614,0.2966088211058031,0.490325335180716,0.3410609621288591,0.22092851225958665,0.2741966354159063,0.30579703359580457,0.43333490845701844,0.7973760547186852,162.98828530633443,0.0003846841339585432,0.9752328275333995,0.23569230564201865,0.957996135133971,-0.09468533801045671,-4.685659212387417,0.004228063299850451,0.910750090148756,16.226293861565367
10081.jpg,7,154401,22057.285714285714,0.954973916333884,0.7925250055759299,0.41156126572070284,-0.586608564533282,0.8596795215334723,0.9614175930849834,0.9300796858888728,0.6261775547120363,-0.546574963906783,0.9564662175247265,0.999249670721121,0.8211948490726012,-0.4360457683132511,0.9663915634753851,0.9268598941694244,-0.046175044589456725,0.767557125259987,0.6163651855432035,-0.34053422122212196,-0.552284150986758,0.954185466772027,0.3426365852355957,0.20282353688606358,0.23549553751945496,0.17710470287722574,0.6187078356742859,0.19754496638099844,0.013939329457676435,42.861113604568885,5.94661004270991,0.006346493684428091,7.53805612636966,2.282060751729102,0.004450908071901449,5.413889324302699,1.7931021724284892,137.07196844580022,36.05813206291719,145.1222725241417,41.497890936561475,143.23663706841276,62.62120780568632,0.00634611146028168,9.682443213151338,2.68430741607712,0.004928112423847859,5.581335713872604,1.8620242222463053,0.0039020493712528196,4.536911175013172,1.6769708928083347,0.9629665610974022,0.055452536469690894,0.055452536469690894,4.7624788201154996e-05,-1.0059903293205747e-05,0.12520748629829587,2.1665184072249352e-05,-4.586532790032307e-07,0.09955246403844535,0.03703703704134871,0.03703703704134871,0.006172839506891452,0.0006720147509521934,1.1399176954744485,0.009184186645518367,0.655735983038872,142.4630345658383,41.30380485849651,7.077631447959267,0.005041166935567671,6.126356616210487,1.9784024688403048,0.15666693706162105,0.28437892865970815,0.10341051951262115,0.2557303847354709,0.41909985546920625,0.36825635004216756,0.20862114806861015,0.30349072467333704,0.3824082711384318,0.4747308849477552,0.6522614667084324,74.06063733125649,0.0014111999915891087,0.9782606797038164,0.4659643756744288,0.957967726929533,-0.07244883596537958,-3.288134704770149,0.0037787729187813103,0.5799785521039195,8.18220716552104
